{
  "local": {
    "env": "local",
    "port": 3001,
    "apiUrl": "http://localhost:3000",
    "siteUrl": "https://localhost:3001",
    "mongoUri": "mongodb+srv://master_user:XKj0DypfpSc1GwPa@cluster0.fzoa7.mongodb.net/boatbutlerDev?retryWrites=true&w=majority",
    "region": "us",
    "aws_bucket" : "boat-buttler-media",
    "jwtSecret" : "Boat-butler-secret"
  },
  "development": {
    "env": "development",
    "port": 3001,
    "apiUrl": "",
    "mongoUri": "mongodb+srv://master_user:XKj0DypfpSc1GwPa@cluster0.fzoa7.mongodb.net/boatbutlerDev?retryWrites=true&w=majority",
    "region": "us",
    "aws_bucket" : "boat-buttler-media",
    "jwtSecret" : "Boat-butler-secret"
  }
}
